feature_order,ensembl_gene_id
1,ENSG00000000971
2,ENSG00000001561
3,ENSG00000002016
4,ENSG00000002549
5,ENSG00000005187
6,ENSG00000005379
7,ENSG00000005961
8,ENSG00000006555
9,ENSG00000007264
10,ENSG00000007350
11,ENSG00000008256
12,ENSG00000008277
13,ENSG00000008988
14,ENSG00000010030
15,ENSG00000010319
16,ENSG00000011105
17,ENSG00000013725
18,ENSG00000015171
19,ENSG00000018869
20,ENSG00000020633
21,ENSG00000023171
22,ENSG00000025156
23,ENSG00000027075
24,ENSG00000027869
25,ENSG00000034053
26,ENSG00000055118
27,ENSG00000055332
28,ENSG00000058056
29,ENSG00000059378
30,ENSG00000062524
31,ENSG00000063046
32,ENSG00000063177
33,ENSG00000065675
34,ENSG00000067141
35,ENSG00000067191
36,ENSG00000067601
37,ENSG00000067840
38,ENSG00000068079
39,ENSG00000069667
40,ENSG00000070018
41,ENSG00000070087
42,ENSG00000070526
43,ENSG00000071073
44,ENSG00000072858
45,ENSG00000073737
46,ENSG00000074527
47,ENSG00000074966
48,ENSG00000076248
49,ENSG00000078081
50,ENSG00000078098
51,ENSG00000078687
52,ENSG00000079215
53,ENSG00000079335
54,ENSG00000079385
55,ENSG00000080493
56,ENSG00000080546
57,ENSG00000080561
58,ENSG00000081026
59,ENSG00000081059
60,ENSG00000082512
61,ENSG00000083814
62,ENSG00000083845
63,ENSG00000085511
64,ENSG00000085563
65,ENSG00000087116
66,ENSG00000088179
67,ENSG00000088387
68,ENSG00000088827
69,ENSG00000089009
70,ENSG00000089127
71,ENSG00000089157
72,ENSG00000091129
73,ENSG00000091409
74,ENSG00000099219
75,ENSG00000099282
76,ENSG00000100003
77,ENSG00000100100
78,ENSG00000100129
79,ENSG00000100311
80,ENSG00000100316
81,ENSG00000100385
82,ENSG00000100422
83,ENSG00000100453
84,ENSG00000100852
85,ENSG00000100890
86,ENSG00000101162
87,ENSG00000101190
88,ENSG00000101230
89,ENSG00000101400
90,ENSG00000101442
91,ENSG00000102245
92,ENSG00000103037
93,ENSG00000104408
94,ENSG00000104490
95,ENSG00000105048
96,ENSG00000105176
97,ENSG00000105202
98,ENSG00000105289
99,ENSG00000105372
100,ENSG00000105373
101,ENSG00000105640
102,ENSG00000105708
103,ENSG00000105717
104,ENSG00000105926
105,ENSG00000106133
106,ENSG00000106351
107,ENSG00000107014
108,ENSG00000107018
109,ENSG00000107201
110,ENSG00000107485
111,ENSG00000107679
112,ENSG00000107742
113,ENSG00000107833
114,ENSG00000107859
115,ENSG00000107960
116,ENSG00000108298
117,ENSG00000108679
118,ENSG00000108771
119,ENSG00000108839
120,ENSG00000108846
121,ENSG00000109107
122,ENSG00000109184
123,ENSG00000109452
124,ENSG00000109475
125,ENSG00000109680
126,ENSG00000110057
127,ENSG00000110455
128,ENSG00000110700
129,ENSG00000110944
130,ENSG00000111331
131,ENSG00000111335
132,ENSG00000111371
133,ENSG00000111678
134,ENSG00000111716
135,ENSG00000111785
136,ENSG00000111796
137,ENSG00000111907
138,ENSG00000112306
139,ENSG00000112782
140,ENSG00000112796
141,ENSG00000113088
142,ENSG00000113263
143,ENSG00000113319
144,ENSG00000113966
145,ENSG00000114388
146,ENSG00000114391
147,ENSG00000114650
148,ENSG00000114812
149,ENSG00000114942
150,ENSG00000114948
151,ENSG00000115085
152,ENSG00000115155
153,ENSG00000115267
154,ENSG00000115523
155,ENSG00000115896
156,ENSG00000116005
157,ENSG00000116106
158,ENSG00000116251
159,ENSG00000116663
160,ENSG00000116667
161,ENSG00000117010
162,ENSG00000117020
163,ENSG00000117090
164,ENSG00000117228
165,ENSG00000117281
166,ENSG00000117602
167,ENSG00000118181
168,ENSG00000118402
169,ENSG00000118922
170,ENSG00000119401
171,ENSG00000119514
172,ENSG00000119714
173,ENSG00000119737
174,ENSG00000119917
175,ENSG00000119922
176,ENSG00000120458
177,ENSG00000120756
178,ENSG00000120832
179,ENSG00000120915
180,ENSG00000121236
181,ENSG00000122026
182,ENSG00000122043
183,ENSG00000122085
184,ENSG00000122224
185,ENSG00000122406
186,ENSG00000122420
187,ENSG00000122679
188,ENSG00000123545
189,ENSG00000123612
190,ENSG00000124203
191,ENSG00000124233
192,ENSG00000124256
193,ENSG00000124374
194,ENSG00000124614
195,ENSG00000124762
196,ENSG00000125245
197,ENSG00000125430
198,ENSG00000126016
199,ENSG00000126351
200,ENSG00000126709
201,ENSG00000126756
202,ENSG00000126804
203,ENSG00000127152
204,ENSG00000127334
205,ENSG00000127362
206,ENSG00000127995
207,ENSG00000128040
208,ENSG00000128383
209,ENSG00000128590
210,ENSG00000128694
211,ENSG00000128739
212,ENSG00000129158
213,ENSG00000129422
214,ENSG00000130255
215,ENSG00000130303
216,ENSG00000130487
217,ENSG00000130513
218,ENSG00000130589
219,ENSG00000130600
220,ENSG00000130656
221,ENSG00000130684
222,ENSG00000130956
223,ENSG00000131067
224,ENSG00000131469
225,ENSG00000131797
226,ENSG00000131849
227,ENSG00000132002
228,ENSG00000132256
229,ENSG00000132274
230,ENSG00000132530
231,ENSG00000132661
232,ENSG00000132849
233,ENSG00000133106
234,ENSG00000133134
235,ENSG00000133216
236,ENSG00000133641
237,ENSG00000133818
238,ENSG00000133985
239,ENSG00000134321
240,ENSG00000134326
241,ENSG00000134419
242,ENSG00000134539
243,ENSG00000134545
244,ENSG00000134709
245,ENSG00000134909
246,ENSG00000135114
247,ENSG00000135414
248,ENSG00000135469
249,ENSG00000135631
250,ENSG00000135749
251,ENSG00000135951
252,ENSG00000135960
253,ENSG00000136014
254,ENSG00000136153
255,ENSG00000136158
256,ENSG00000136514
257,ENSG00000136816
258,ENSG00000136897
259,ENSG00000136932
260,ENSG00000136936
261,ENSG00000136942
262,ENSG00000137038
263,ENSG00000137054
264,ENSG00000137070
265,ENSG00000137106
266,ENSG00000137154
267,ENSG00000137441
268,ENSG00000137501
269,ENSG00000137628
270,ENSG00000137818
271,ENSG00000137959
272,ENSG00000137965
273,ENSG00000138311
274,ENSG00000138326
275,ENSG00000138378
276,ENSG00000138381
277,ENSG00000138496
278,ENSG00000138642
279,ENSG00000138646
280,ENSG00000139055
281,ENSG00000139116
282,ENSG00000139173
283,ENSG00000139187
284,ENSG00000139537
285,ENSG00000139610
286,ENSG00000139737
287,ENSG00000140464
288,ENSG00000140948
289,ENSG00000140988
290,ENSG00000141040
291,ENSG00000141293
292,ENSG00000141664
293,ENSG00000142173
294,ENSG00000142303
295,ENSG00000142528
296,ENSG00000142534
297,ENSG00000142541
298,ENSG00000142546
299,ENSG00000142676
300,ENSG00000142794
301,ENSG00000142856
302,ENSG00000142875
303,ENSG00000142937
304,ENSG00000143167
305,ENSG00000143184
306,ENSG00000143185
307,ENSG00000143365
308,ENSG00000143499
309,ENSG00000143947
310,ENSG00000144026
311,ENSG00000144120
312,ENSG00000144290
313,ENSG00000144362
314,ENSG00000144476
315,ENSG00000144713
316,ENSG00000144824
317,ENSG00000144935
318,ENSG00000145425
319,ENSG00000145592
320,ENSG00000145649
321,ENSG00000145675
322,ENSG00000145685
323,ENSG00000145908
324,ENSG00000145919
325,ENSG00000146083
326,ENSG00000146243
327,ENSG00000146250
328,ENSG00000146674
329,ENSG00000146904
330,ENSG00000147180
331,ENSG00000147231
332,ENSG00000147403
333,ENSG00000147604
334,ENSG00000148303
335,ENSG00000148426
336,ENSG00000148848
337,ENSG00000149131
338,ENSG00000149273
339,ENSG00000149292
340,ENSG00000149294
341,ENSG00000149806
342,ENSG00000149823
343,ENSG00000150045
344,ENSG00000150938
345,ENSG00000151135
346,ENSG00000151150
347,ENSG00000151240
348,ENSG00000151623
349,ENSG00000151687
350,ENSG00000151835
351,ENSG00000151929
352,ENSG00000152093
353,ENSG00000152102
354,ENSG00000152133
355,ENSG00000152454
356,ENSG00000152495
357,ENSG00000152558
358,ENSG00000152778
359,ENSG00000153283
360,ENSG00000154027
361,ENSG00000154217
362,ENSG00000154277
363,ENSG00000154358
364,ENSG00000154734
365,ENSG00000154764
366,ENSG00000154814
367,ENSG00000155961
368,ENSG00000156239
369,ENSG00000156475
370,ENSG00000156482
371,ENSG00000156508
372,ENSG00000156510
373,ENSG00000157077
374,ENSG00000157570
375,ENSG00000157601
376,ENSG00000157827
377,ENSG00000157856
378,ENSG00000157985
379,ENSG00000158050
380,ENSG00000158966
381,ENSG00000159231
382,ENSG00000159445
383,ENSG00000160185
384,ENSG00000160226
385,ENSG00000160307
386,ENSG00000160310
387,ENSG00000160321
388,ENSG00000160932
389,ENSG00000161016
390,ENSG00000161381
391,ENSG00000161791
392,ENSG00000161835
393,ENSG00000161970
394,ENSG00000162062
395,ENSG00000162244
396,ENSG00000162398
397,ENSG00000162496
398,ENSG00000162594
399,ENSG00000162614
400,ENSG00000162627
401,ENSG00000162630
402,ENSG00000162639
403,ENSG00000162772
404,ENSG00000162894
405,ENSG00000163281
406,ENSG00000163508
407,ENSG00000163520
408,ENSG00000163597
409,ENSG00000163600
410,ENSG00000163606
411,ENSG00000163666
412,ENSG00000163682
413,ENSG00000163746
414,ENSG00000163823
415,ENSG00000164120
416,ENSG00000164283
417,ENSG00000164284
418,ENSG00000164292
419,ENSG00000164587
420,ENSG00000165029
421,ENSG00000165121
422,ENSG00000165131
423,ENSG00000165138
424,ENSG00000165185
425,ENSG00000165322
426,ENSG00000165516
427,ENSG00000165521
428,ENSG00000165591
429,ENSG00000165929
430,ENSG00000165943
431,ENSG00000165949
432,ENSG00000166260
433,ENSG00000166278
434,ENSG00000166289
435,ENSG00000166313
436,ENSG00000166341
437,ENSG00000166441
438,ENSG00000166669
439,ENSG00000166707
440,ENSG00000166886
441,ENSG00000166920
442,ENSG00000166979
443,ENSG00000167034
444,ENSG00000167106
445,ENSG00000167232
446,ENSG00000167286
447,ENSG00000167526
448,ENSG00000167633
449,ENSG00000167658
450,ENSG00000167664
451,ENSG00000167766
452,ENSG00000167775
453,ENSG00000167840
454,ENSG00000167900
455,ENSG00000167984
456,ENSG00000168028
457,ENSG00000168038
458,ENSG00000168062
459,ENSG00000168229
460,ENSG00000168280
461,ENSG00000168646
462,ENSG00000168661
463,ENSG00000168685
464,ENSG00000168795
465,ENSG00000168994
466,ENSG00000169242
467,ENSG00000169248
468,ENSG00000169508
469,ENSG00000169567
470,ENSG00000169583
471,ENSG00000169740
472,ENSG00000169884
473,ENSG00000169918
474,ENSG00000169964
475,ENSG00000169991
476,ENSG00000170468
477,ENSG00000170846
478,ENSG00000170949
479,ENSG00000170962
480,ENSG00000170989
481,ENSG00000171033
482,ENSG00000171101
483,ENSG00000171291
484,ENSG00000171476
485,ENSG00000171596
486,ENSG00000171649
487,ENSG00000171658
488,ENSG00000171735
489,ENSG00000171817
490,ENSG00000171823
491,ENSG00000171858
492,ENSG00000171863
493,ENSG00000172159
494,ENSG00000172215
495,ENSG00000172426
496,ENSG00000172460
497,ENSG00000172809
498,ENSG00000172819
499,ENSG00000172889
500,ENSG00000172915
501,ENSG00000173041
502,ENSG00000173193
503,ENSG00000173482
504,ENSG00000173530
505,ENSG00000173762
506,ENSG00000173914
507,ENSG00000174444
508,ENSG00000174500
509,ENSG00000174738
510,ENSG00000174748
511,ENSG00000174946
512,ENSG00000175061
513,ENSG00000175084
514,ENSG00000175390
515,ENSG00000175536
516,ENSG00000175643
517,ENSG00000175662
518,ENSG00000175970
519,ENSG00000176049
520,ENSG00000176171
521,ENSG00000176222
522,ENSG00000176396
523,ENSG00000176624
524,ENSG00000176928
525,ENSG00000177272
526,ENSG00000177294
527,ENSG00000177409
528,ENSG00000177707
529,ENSG00000177721
530,ENSG00000177932
531,ENSG00000177954
532,ENSG00000177989
533,ENSG00000178035
534,ENSG00000178038
535,ENSG00000178338
536,ENSG00000178445
537,ENSG00000178562
538,ENSG00000178607
539,ENSG00000178922
540,ENSG00000179044
541,ENSG00000179071
542,ENSG00000179088
543,ENSG00000179750
544,ENSG00000180035
545,ENSG00000180357
546,ENSG00000180479
547,ENSG00000180626
548,ENSG00000180644
549,ENSG00000180739
550,ENSG00000180855
551,ENSG00000180914
552,ENSG00000181163
553,ENSG00000181191
554,ENSG00000181585
555,ENSG00000181754
556,ENSG00000181894
557,ENSG00000182004
558,ENSG00000182141
559,ENSG00000182173
560,ENSG00000182183
561,ENSG00000182359
562,ENSG00000182489
563,ENSG00000182568
564,ENSG00000182621
565,ENSG00000182700
566,ENSG00000182712
567,ENSG00000182774
568,ENSG00000182809
569,ENSG00000182841
570,ENSG00000182866
571,ENSG00000182899
572,ENSG00000182903
573,ENSG00000183150
574,ENSG00000183347
575,ENSG00000183486
576,ENSG00000183542
577,ENSG00000183662
578,ENSG00000183690
579,ENSG00000183691
580,ENSG00000183837
581,ENSG00000183918
582,ENSG00000184205
583,ENSG00000184515
584,ENSG00000184702
585,ENSG00000184939
586,ENSG00000184979
587,ENSG00000185112
588,ENSG00000185168
589,ENSG00000185338
590,ENSG00000185418
591,ENSG00000185420
592,ENSG00000185485
593,ENSG00000185507
594,ENSG00000185697
595,ENSG00000185745
596,ENSG00000186056
597,ENSG00000186104
598,ENSG00000186106
599,ENSG00000186174
600,ENSG00000186231
601,ENSG00000186272
602,ENSG00000186310
603,ENSG00000186462
604,ENSG00000186468
605,ENSG00000186854
606,ENSG00000187118
607,ENSG00000187240
608,ENSG00000187608
609,ENSG00000187676
610,ENSG00000188157
611,ENSG00000188171
612,ENSG00000188242
613,ENSG00000188282
614,ENSG00000188290
615,ENSG00000188313
616,ENSG00000188321
617,ENSG00000188352
618,ENSG00000188846
619,ENSG00000188868
620,ENSG00000188994
621,ENSG00000189144
622,ENSG00000189152
623,ENSG00000189190
624,ENSG00000189227
625,ENSG00000189369
626,ENSG00000189430
627,ENSG00000196116
628,ENSG00000196139
629,ENSG00000196141
630,ENSG00000196172
631,ENSG00000196247
632,ENSG00000196267
633,ENSG00000196302
634,ENSG00000196358
635,ENSG00000196381
636,ENSG00000196466
637,ENSG00000196531
638,ENSG00000196542
639,ENSG00000196550
640,ENSG00000196569
641,ENSG00000196586
642,ENSG00000196683
643,ENSG00000196693
644,ENSG00000196793
645,ENSG00000196867
646,ENSG00000197008
647,ENSG00000197024
648,ENSG00000197050
649,ENSG00000197061
650,ENSG00000197415
651,ENSG00000197457
652,ENSG00000197540
653,ENSG00000197579
654,ENSG00000197635
655,ENSG00000197728
656,ENSG00000197756
657,ENSG00000197763
658,ENSG00000197841
659,ENSG00000197863
660,ENSG00000197894
661,ENSG00000197933
662,ENSG00000197965
663,ENSG00000198034
664,ENSG00000198040
665,ENSG00000198105
666,ENSG00000198182
667,ENSG00000198205
668,ENSG00000198237
669,ENSG00000198242
670,ENSG00000198467
671,ENSG00000198482
672,ENSG00000198538
673,ENSG00000198574
674,ENSG00000198727
675,ENSG00000198743
676,ENSG00000198755
677,ENSG00000198780
678,ENSG00000198785
679,ENSG00000198821
680,ENSG00000198829
681,ENSG00000198851
682,ENSG00000198918
683,ENSG00000198932
684,ENSG00000199568
685,ENSG00000199631
686,ENSG00000199785
687,ENSG00000200087
688,ENSG00000200156
689,ENSG00000200237
690,ENSG00000200320
691,ENSG00000200394
692,ENSG00000200785
693,ENSG00000200792
694,ENSG00000200795
695,ENSG00000200959
696,ENSG00000201098
697,ENSG00000201315
698,ENSG00000201772
699,ENSG00000201793
700,ENSG00000202058
701,ENSG00000202198
702,ENSG00000202252
703,ENSG00000202538
704,ENSG00000203326
705,ENSG00000203875
706,ENSG00000204103
707,ENSG00000204116
708,ENSG00000204228
709,ENSG00000204387
710,ENSG00000204475
711,ENSG00000204564
712,ENSG00000204628
713,ENSG00000204789
714,ENSG00000204934
715,ENSG00000205089
716,ENSG00000205189
717,ENSG00000205485
718,ENSG00000205572
719,ENSG00000205809
720,ENSG00000205810
721,ENSG00000205837
722,ENSG00000205981
723,ENSG00000206127
724,ENSG00000206561
725,ENSG00000206597
726,ENSG00000206652
727,ENSG00000206656
728,ENSG00000207008
729,ENSG00000207088
730,ENSG00000207142
731,ENSG00000207166
732,ENSG00000207392
733,ENSG00000207445
734,ENSG00000207496
735,ENSG00000207501
736,ENSG00000208772
737,ENSG00000208892
738,ENSG00000209582
739,ENSG00000211649
740,ENSG00000211662
741,ENSG00000211689
742,ENSG00000211694
743,ENSG00000211695
744,ENSG00000211697
745,ENSG00000211699
746,ENSG00000211713
747,ENSG00000211724
748,ENSG00000211734
749,ENSG00000211778
750,ENSG00000211786
751,ENSG00000211790
752,ENSG00000211791
753,ENSG00000211793
754,ENSG00000211794
755,ENSG00000211795
756,ENSG00000211799
757,ENSG00000211803
758,ENSG00000211807
759,ENSG00000211821
760,ENSG00000211829
761,ENSG00000212232
762,ENSG00000212402
763,ENSG00000212443
764,ENSG00000212464
765,ENSG00000212588
766,ENSG00000212907
767,ENSG00000213096
768,ENSG00000213185
769,ENSG00000213700
770,ENSG00000213741
771,ENSG00000213976
772,ENSG00000214067
773,ENSG00000214226
774,ENSG00000214439
775,ENSG00000214552
776,ENSG00000215030
777,ENSG00000215105
778,ENSG00000215190
779,ENSG00000215252
780,ENSG00000215630
781,ENSG00000215784
782,ENSG00000215788
783,ENSG00000215845
784,ENSG00000216809
785,ENSG00000217275
786,ENSG00000218357
787,ENSG00000219481
788,ENSG00000219928
789,ENSG00000220563
790,ENSG00000221491
791,ENSG00000221874
792,ENSG00000221923
793,ENSG00000222078
794,ENSG00000222328
795,ENSG00000223387
796,ENSG00000224020
797,ENSG00000224137
798,ENSG00000224578
799,ENSG00000225079
800,ENSG00000225349
801,ENSG00000225492
802,ENSG00000225523
803,ENSG00000225648
804,ENSG00000225964
805,ENSG00000226471
806,ENSG00000226766
807,ENSG00000226904
808,ENSG00000226950
809,ENSG00000227063
810,ENSG00000227097
811,ENSG00000227199
812,ENSG00000227962
813,ENSG00000228125
814,ENSG00000228794
815,ENSG00000228828
816,ENSG00000228939
817,ENSG00000228956
818,ENSG00000229023
819,ENSG00000229117
820,ENSG00000229590
821,ENSG00000229668
822,ENSG00000229833
823,ENSG00000230092
824,ENSG00000230202
825,ENSG00000230629
826,ENSG00000230747
827,ENSG00000231437
828,ENSG00000231500
829,ENSG00000231621
830,ENSG00000231663
831,ENSG00000232021
832,ENSG00000232022
833,ENSG00000232184
834,ENSG00000232442
835,ENSG00000232486
836,ENSG00000232573
837,ENSG00000232593
838,ENSG00000232653
839,ENSG00000232812
840,ENSG00000232869
841,ENSG00000233030
842,ENSG00000233093
843,ENSG00000233355
844,ENSG00000233387
845,ENSG00000233411
846,ENSG00000233426
847,ENSG00000233469
848,ENSG00000233609
849,ENSG00000233785
850,ENSG00000233836
851,ENSG00000233927
852,ENSG00000234134
853,ENSG00000234284
854,ENSG00000234327
855,ENSG00000234614
856,ENSG00000235111
857,ENSG00000235174
858,ENSG00000235321
859,ENSG00000235576
860,ENSG00000235944
861,ENSG00000235962
862,ENSG00000236140
863,ENSG00000236213
864,ENSG00000237440
865,ENSG00000237471
866,ENSG00000237943
867,ENSG00000238015
868,ENSG00000238622
869,ENSG00000238741
870,ENSG00000238795
871,ENSG00000238917
872,ENSG00000239002
873,ENSG00000239039
874,ENSG00000239704
875,ENSG00000240204
876,ENSG00000240403
877,ENSG00000240568
878,ENSG00000240891
879,ENSG00000240954
880,ENSG00000241127
881,ENSG00000241361
882,ENSG00000241549
883,ENSG00000243335
884,ENSG00000243406
885,ENSG00000243836
886,ENSG00000243927
887,ENSG00000244165
888,ENSG00000244270
889,ENSG00000244720
890,ENSG00000245105
891,ENSG00000245164
892,ENSG00000245910
893,ENSG00000245954
894,ENSG00000246084
895,ENSG00000246526
896,ENSG00000246627
897,ENSG00000246790
898,ENSG00000246898
899,ENSG00000247011
900,ENSG00000247092
901,ENSG00000247287
902,ENSG00000247317
903,ENSG00000248367
904,ENSG00000248643
905,ENSG00000249592
906,ENSG00000249839
907,ENSG00000249992
908,ENSG00000250274
909,ENSG00000250299
910,ENSG00000250312
911,ENSG00000251578
912,ENSG00000251791
913,ENSG00000251992
914,ENSG00000252010
915,ENSG00000252139
916,ENSG00000252481
917,ENSG00000252835
918,ENSG00000253716
919,ENSG00000253738
920,ENSG00000253816
921,ENSG00000253943
922,ENSG00000254536
923,ENSG00000254543
924,ENSG00000254694
925,ENSG00000254772
926,ENSG00000254837
927,ENSG00000254876
928,ENSG00000254911
929,ENSG00000255036
930,ENSG00000255150
931,ENSG00000255186
932,ENSG00000255198
933,ENSG00000255397
934,ENSG00000255508
935,ENSG00000255624
936,ENSG00000255641
937,ENSG00000255819
938,ENSG00000256087
939,ENSG00000256128
940,ENSG00000256223
941,ENSG00000256229
942,ENSG00000256533
943,ENSG00000256553
944,ENSG00000256594
945,ENSG00000256720
946,ENSG00000256742
947,ENSG00000256771
948,ENSG00000256862
949,ENSG00000256937
950,ENSG00000257027
951,ENSG00000257242
952,ENSG00000257524
953,ENSG00000258159
954,ENSG00000258325
955,ENSG00000258352
956,ENSG00000259065
957,ENSG00000259097
958,ENSG00000259932
959,ENSG00000260075
960,ENSG00000260093
961,ENSG00000260260
962,ENSG00000260302
963,ENSG00000260306
964,ENSG00000260329
965,ENSG00000260464
966,ENSG00000260711
967,ENSG00000260727
968,ENSG00000260804
969,ENSG00000260910
970,ENSG00000260992
971,ENSG00000261087
972,ENSG00000261150
973,ENSG00000261208
974,ENSG00000261351
975,ENSG00000261611
976,ENSG00000261996
977,ENSG00000262655
978,ENSG00000263482
979,ENSG00000263753
980,ENSG00000263917
981,ENSG00000263934
982,ENSG00000264017
983,ENSG00000264745
984,ENSG00000265681
985,ENSG00000265817
986,ENSG00000266079
987,ENSG00000266402
988,ENSG00000266709
989,ENSG00000266998
990,ENSG00000267262
991,ENSG00000267264
992,ENSG00000267314
993,ENSG00000267322
994,ENSG00000267364
995,ENSG00000267481
996,ENSG00000267670
997,ENSG00000267696
998,ENSG00000267731
999,ENSG00000268027
1000,ENSG00000268163
1001,ENSG00000268362
1002,ENSG00000268403
1003,ENSG00000268516
1004,ENSG00000268521
1005,ENSG00000268758
1006,ENSG00000269026
1007,ENSG00000269476
1008,ENSG00000269720
1009,ENSG00000269883
1010,ENSG00000269893
1011,ENSG00000269938
1012,ENSG00000269997
1013,ENSG00000270012
1014,ENSG00000270061
1015,ENSG00000270083
1016,ENSG00000270095
1017,ENSG00000270103
1018,ENSG00000270179
1019,ENSG00000270878
1020,ENSG00000271380
1021,ENSG00000271427
1022,ENSG00000271447
1023,ENSG00000271696
1024,ENSG00000271824
1025,ENSG00000271858
1026,ENSG00000271964
1027,ENSG00000272145
1028,ENSG00000272148
1029,ENSG00000272186
1030,ENSG00000272449
1031,ENSG00000272498
1032,ENSG00000272529
1033,ENSG00000272555
1034,ENSG00000272602
1035,ENSG00000272606
1036,ENSG00000272666
1037,ENSG00000272735
1038,ENSG00000272858
1039,ENSG00000272917
1040,ENSG00000272994
1041,ENSG00000273015
1042,ENSG00000273038
1043,ENSG00000273265
1044,ENSG00000273272
1045,ENSG00000273343
1046,ENSG00000273348
1047,ENSG00000273720
1048,ENSG00000273893
1049,ENSG00000274015
1050,ENSG00000274210
1051,ENSG00000274583
1052,ENSG00000274618
1053,ENSG00000275055
1054,ENSG00000275158
1055,ENSG00000275302
1056,ENSG00000275342
1057,ENSG00000275441
1058,ENSG00000275454
1059,ENSG00000275538
1060,ENSG00000275743
1061,ENSG00000275857
1062,ENSG00000276023
1063,ENSG00000276027
1064,ENSG00000276161
1065,ENSG00000276216
1066,ENSG00000276232
1067,ENSG00000276289
1068,ENSG00000276557
1069,ENSG00000276744
1070,ENSG00000276791
1071,ENSG00000276855
1072,ENSG00000276953
1073,ENSG00000276966
1074,ENSG00000277027
1075,ENSG00000277142
1076,ENSG00000277194
1077,ENSG00000277476
1078,ENSG00000277511
1079,ENSG00000277586
1080,ENSG00000277782
1081,ENSG00000277879
1082,ENSG00000278249
1083,ENSG00000278274
1084,ENSG00000278705
1085,ENSG00000278740
1086,ENSG00000278774
1087,ENSG00000278876
1088,ENSG00000278962
1089,ENSG00000278974
1090,ENSG00000279059
1091,ENSG00000279207
1092,ENSG00000279236
1093,ENSG00000279320
1094,ENSG00000279361
1095,ENSG00000279400
1096,ENSG00000279425
1097,ENSG00000279692
1098,ENSG00000279880
1099,ENSG00000279943
1100,ENSG00000280135
1101,ENSG00000280270
1102,ENSG00000280650
1103,ENSG00000281969
1104,ENSG00000282851
1105,ENSG00000282989
1106,ENSG00000283063
1107,ENSG00000283234
1108,ENSG00000283352
1109,ENSG00000283378
1110,ENSG00000284634
1111,ENSG00000285374
1112,ENSG00000285535
1113,ENSG00000286010
1114,ENSG00000286019
1115,ENSG00000286061
1116,ENSG00000286065
1117,ENSG00000286088
1118,ENSG00000286261
1119,ENSG00000286268
1120,ENSG00000286545
1121,ENSG00000286644
1122,ENSG00000287374
1123,ENSG00000287561
1124,ENSG00000287979
